{
"T.H.I.R.D. Party": {
    "President": "Arvi Charlize Pascual",
    "Vice President": "Vincent Emmanuel Dela Cruz",
    "Secretary": "Danica Salvador",
    "Treasurer": "Angela Christine Catalan",
    "Auditor": "Szophia Ceniza",
    "PIO": "Samantha Joyce Beltran",
    "Peace Officer": "Joshua De Jesus", 
    "Grade 8 Representative": "Franz Gabriel Sacro",
    "Grade 9 Representative": "Kristel Dane Lanete",
    "Grade 10 Representative": "Monalisa Malabuyoc",
    "Grade 11 Representative": "Krisa Jo Hannah Villamin",
    "Grade 12 Representative": "Christian Berdin"
    
    },

"Sulong Party": {
    "President": "Jubilee Jan Amo",
    "Vice President": "James Oswald Cabal",
    "Secretary": "Angelica Ann Gracia",
    "Treasurer": "Estelle Marie Simeon",
    "Auditor": "Karl Vincent Dimaculangan",
    "PIO": "Lawrence Albert Bernasor",
    "Peace Officer": "Michelle Mendoza",
    "Grade 8 Representative": "Anne Berlyn Blanqueza",
    "Grade 9 Representative": "Katrina Esideño",
    "Grade 10 Representative": "Jhon Ivan Solomon",
    "Grade 11 Representative": "Lorenz Matthew Simeon",
    "Grade 12 Representative": "Merolene Sacabon"

    },

"Independent": {
    "Grade 10 Representative": ["Some one", "Some two"]
    }
}
