{"ui_config": {
    "assetsFolder": "assets/",
    "pictureFormat": ".svg",
    "officeBoxSpacing": 10,
    "maxOfficesPerColumn": 4,
    "votesDB": "votes.json"

    },

"offices": [
    "President",
    "Vice President",
    "Secretary",
    "PIO",
    "Treasurer",
    "Grade 7 Representative",
    "Grade 8 Representative",
    "Grade 9 Representative",
    "Grade 10 Representative",
    "Grade 11 Representative",
    "Grade 12 Representative"
    
    ],

"Party N.E.E.D.S": {
    "President": "P1",
    "Vice President": "P2",
    "Secretary": "P3",
    "PIO": "LP",
    "Treasurer": "PL",
    "Grade 7 Representative": "PF",
    "Grade 8 Representative": "PN",
    "Grade 9 Representative": "TP",
    "Grade 10 Representative": "Some Guy",
    "Grade 11 Representative": "PP",
    "Grade 12 Representative": "LP"
    
    },

"The Breakup PartyList": {
    "President": "Some Guy",
    "Vice President": "PL",
    "Secretary": "TP",
    "PIO": "PN",
    "Treasurer": "Austin Dela Cruz",
    "Grade 7 Representative": "P1",
    "Grade 8 Representative": "P2",
    "Grade 9 Representative": "P3",
    "Grade 10 Representative": "LP",
    "Grade 11 Representative": "PR",
    "Grade 12 Representative": "TP"
    
    },

"The random Party": {
    "President": "Austin Dela Cruz"
    },

"Party Party": {
    "President": "P1",
    "Treasurer": "Some Guy"
    }
}
